<?xml version="1.0" encoding="UTF-8"?>
<odoo>
    <record id="product.expense_product_product_template" model="product.template">
        <field name="active" eval="0"/>
    </record>
    <record id="product.expense_hotel_product_template" model="product.template">
        <field name="active" eval="0"/>
    </record>
    <record id="product.product_product_1_product_template" model="product.template">
        <field name="active" eval="0"/>
    </record>
    <record id="product.product_product_2_product_template" model="product.template">
        <field name="active" eval="0"/>
    </record>
    <record id="product.product_delivery_01_product_template" model="product.template">
        <field name="active" eval="0"/>
    </record>
    <record id="product.product_delivery_02_product_template" model="product.template">
        <field name="active" eval="0"/>
    </record>
    <record id="product.product_order_01_product_template" model="product.template">
        <field name="active" eval="0"/>
    </record>
    <record id="product.product_product_3_product_template" model="product.template">
        <field name="active" eval="0"/>
    </record>
    <record id="product.product_product_4_product_template" model="product.template">
        <field name="active" eval="0"/>
    </record>
    <record id="product.product_product_5_product_template" model="product.template">
        <field name="active" eval="0"/>
    </record>
    <record id="product.product_product_6_product_template" model="product.template">
        <field name="active" eval="0"/>
    </record>
    <record id="product.product_product_7_product_template" model="product.template">
        <field name="active" eval="0"/>
    </record>
    <record id="product.product_product_8_product_template" model="product.template">
        <field name="active" eval="0"/>
    </record>
    <record id="product.product_product_9_product_template" model="product.template">
        <field name="active" eval="0"/>
    </record>
    <record id="product.product_product_10_product_template" model="product.template">
        <field name="active" eval="0"/>
    </record>
    <record id="product.product_product_11_product_template" model="product.template">
        <field name="active" eval="0"/>
    </record>
    <record id="product.product_product_12_product_template" model="product.template">
        <field name="active" eval="0"/>
    </record>
    <record id="product.product_product_13_product_template" model="product.template">
        <field name="active" eval="0"/>
    </record>
    <record id="product.product_product_16_product_template" model="product.template">
        <field name="active" eval="0"/>
    </record>
    <record id="product.product_product_20_product_template" model="product.template">
        <field name="active" eval="0"/>
    </record>
    <record id="product.product_product_22_product_template" model="product.template">
        <field name="active" eval="0"/>
    </record>
    <record id="product.product_product_24_product_template" model="product.template">
        <field name="active" eval="0"/>
    </record>
    <record id="product.product_product_25_product_template" model="product.template">
        <field name="active" eval="0"/>
    </record>
    <record id="product.product_product_27_product_template" model="product.template">
        <field name="active" eval="0"/>
    </record>
    <record id="product.consu_delivery_03_product_template" model="product.template">
        <field name="active" eval="0"/>
    </record>
    <record id="product.consu_delivery_02_product_template" model="product.template">
        <field name="active" eval="0"/>
    </record>
    <record id="product.consu_delivery_01_product_template" model="product.template">
        <field name="active" eval="0"/>
    </record>
</odoo>
